First Name,Last Name,Email,Twitter/LinkedIn Handle,Role,Industry,Company,Where Found,Quality Tier,Status,Date Contacted,Notes
John,Smith,john@example.com,@johnsmith,Freelance Designer,Design,Self-Employed,LinkedIn Query 1,1,Not Started,,Recent invoice pain mentioned
Sarah,Johnson,sarah@email.com,sarah-dev,Freelance Developer,Development,Startup,Email Mining,1,Not Started,,Past client referral possible
Michael,Lee,michael@company.com,@mikelee23,Agency Owner,Marketing,Creative Agency,LinkedIn Query 2,2,Not Started,,500+ LinkedIn followers
Emily,Chen,emily.chen@firm.com,emilychen88,Freelance Consultant,Consulting,Self-Employed,Twitter #FreelancerLife,2,Not Started,,High engagement on tweets
David,Martinez,david@studio.com,@davidmartinez,Creative Director,Design,Design Studio,LinkedIn Query 1,2,Not Started,,Posted about project management
Lisa,Anderson,lisa@agency.com,lisaa,Agency Owner,Web Development,Digital Agency,Referral from [Person],1,Not Started,,Warm intro pending
James,Wilson,james@company.com,@jameswilson_,Freelance Writer,Content,Self-Employed,Reddit r/freelance,3,Not Started,,Active in community
Patricia,Moore,patricia@firm.com,p_moore23,Solopreneur,Business Services,Self-Employed,Email Mining,1,Not Started,,Past engagement high
Christopher,Taylor,chris@startup.com,@ctaylor_dev,Founder,Technology,SaaS Startup,Indie Hackers,2,Not Started,,Comments on invoicing tools
Jessica,White,jessica@agency.com,jwhite_creative,Agency Owner,Creative Services,Marketing Collective,LinkedIn Query 3,2,Not Started,,Recently searched for billing solutions
Robert,Harris,robert@studio.com,@robharris_design,Freelance Designer,Design,Self-Employed,Twitter #DesignerStruggles,2,Not Started,,Portfolio shows quality
Amanda,Martin,amanda@consulting.com,amanda_martin_,Independent Consultant,Strategy,Self-Employed,Email Mining,1,Not Started,,Used similar tools before
Daniel,Thompson,daniel@agency.com,@dthompson77,Project Manager,Project Management,Web Agency,LinkedIn Query 2,2,Not Started,,Management pain visible in profile
Michelle,Garcia,michelle@company.com,michellec_,Freelance Marketer,Marketing,Self-Employed,Referral from [Person],1,Not Started,,Strong network in tech
Ryan,Rodriguez,ryan@studio.com,@ryanrodriguez_,Agency Owner,Design & Dev,Digital Studio,LinkedIn Query 1,2,Not Started,,Recent activity high
Karen,Lee,karen@firm.com,k_lee88,Solopreneur,Accounting/Finance,Self-Employed,Reddit r/entrepreneur,2,Not Started,,Relevant to AKIRA use case
Jeff,Patel,jeff@startup.com,@jeffpatel_,Founder,SaaS,Tech Startup,Indie Hackers,2,Not Started,,Bootstrap background matches
Nancy,Brown,nancy@consulting.com,nancy_brown_,Freelance Consultant,Business,Self-Employed,Email Mining,1,Not Started,,Past invoice discussion
Steven,Davis,steven@agency.com,@stevendavis_,Freelance Developer,Development,Self-Employed,Twitter #CodeLife,2,Not Started,,Technical fit good
Donna,Miller,donna@company.com,donnamiller_,Agency Owner,Social Media,Marketing Agency,LinkedIn Query 3,2,Not Started,,High follower count
Mark,Wilson,mark@studio.com,@markwilson_design,Creative Director,Design,Creative Firm,Referral from [Person],1,Not Started,,Strong referrer credibility
Catherine,Moore,catherine@firm.com,cathmoore_,Solopreneur,Freelance Services,Self-Employed,Email Mining,1,Not Started,,Active in past communications
Paul,Taylor,paul@agency.com,@paulftaylor_,Agency Owner,Web Development,Agency,LinkedIn Query 2,2,Not Started,,Management expertise visible
Betty,Anderson,betty@company.com,b_anderson_,Freelance Writer,Content,Self-Employed,Reddit r/freelance,3,Not Started,,Community active contributor
