Date,Day_of_Week,Week_Number,Month,New_Signups_Today,Starter_Count,Pro_Count,Enterprise_Count,Total_Active_Customers,MRR_Today,Revenue_Today_USD,Stripe_Fees_Today_USD,Churn_Events_Today,Notes
2026-08-13,Wednesday,33,August,2,2,0,0,2,58,60,1.74,0,Soft launch - 2 customers from network
2026-08-14,Thursday,33,August,1,1,0,0,3,87,90,2.61,0,Customer 3 arrives
2026-08-15,Friday,33,August,2,1,1,0,5,174,180,5.22,0,First Pro tier customer!
2026-08-16,Saturday,33,August,0,0,0,0,5,174,180,5.22,0,Weekend - no activity
2026-08-17,Sunday,33,August,0,0,0,0,5,174,180,5.22,0,Weekend
2026-08-18,Monday,34,August,1,1,0,0,6,203,210,6.09,0,Customer 6
2026-08-19,Tuesday,34,August,1,1,0,0,7,232,240,6.96,0,Customer 7
2026-08-20,Wednesday,34,August,1,0,1,0,8,290,300,8.70,0,Another Pro signing up
2026-08-21,Thursday,34,August,1,0,0,1,9,790,820,23.78,0,**First Enterprise customer!** Marc's network connection
2026-08-22,Friday,34,August,1,1,0,0,10,819,850,24.65,0,End of week 1 - **10 customers target hit!**
2026-08-23,Saturday,34,August,0,0,0,0,10,819,850,24.65,0,Weekend
2026-08-24,Sunday,34,August,0,0,0,0,10,819,850,24.65,0,Weekend
2026-08-25,Monday,35,August,1,1,0,0,11,848,880,25.52,0,Growing steadily
2026-08-26,Tuesday,35,August,1,0,1,0,12,906,940,27.26,0,Pro tier popular
2026-08-27,Wednesday,35,August,0,0,0,0,12,906,940,27.26,0,Slight pause - focus on onboarding
2026-08-28,Thursday,35,August,1,0,1,0,13,964,1000,29.00,0,Consistent adds
2026-08-29,Friday,35,August,1,1,0,0,14,993,1030,29.87,0,End of week 2
2026-08-30,Saturday,35,August,0,0,0,0,14,993,1030,29.87,0,Weekend
2026-08-31,Sunday,35,August,0,0,0,0,14,993,1030,29.87,0,End of Month 1
,,,September,12,0,0,0,0,0,0,0,0,"INSTRUCTIONS: Keep this row - it shows target. Update during September with actuals."
2026-09-01,Monday,36,September,1,1,0,0,15,1022,1060,30.74,0,September starts - tracking begins
2026-09-02,Tuesday,36,September,1,0,1,0,16,1080,1120,32.48,0,Pro continues to lead
2026-09-03,Wednesday,36,September,1,1,0,0,17,1109,1150,33.35,0,
2026-09-04,Thursday,36,September,0,0,0,0,17,1109,1150,33.35,0.3,First churn begins (expected 3%)
2026-09-05,Friday,36,September,1,0,1,0,17,1167,1210,35.09,0,End of week 1 of Sept
2026-09-06,Saturday,36,September,0,0,0,0,17,1167,1210,35.09,0,Weekend
2026-09-07,Sunday,36,September,0,0,0,0,17,1167,1210,35.09,0,Weekend
2026-09-08,Monday,37,September,1,1,0,0,18,1196,1240,35.96,0,
2026-09-09,Tuesday,37,September,1,0,0,1,19,1696,1760,51.04,0,Second Enterprise customer!
2026-09-10,Wednesday,37,September,1,0,1,0,20,1754,1820,52.78,0,
2026-09-11,Thursday,37,September,0,0,0,0,20,1754,1820,52.78,0,Pause
2026-09-12,Friday,37,September,1,1,0,0,21,1783,1850,53.65,0,
2026-09-13,Saturday,37,September,0,0,0,0,21,1783,1850,53.65,0,Weekend
2026-09-14,Sunday,37,September,0,0,0,0,21,1783,1850,53.65,0,Weekend
2026-09-15,Monday,38,September,1,0,1,0,21,1841,1910,55.39,0.2,Slight churn - customer 17 leaving
2026-09-16,Tuesday,38,September,1,1,0,0,21,1870,1940,56.26,0,Replacement signup
2026-09-17,Wednesday,38,September,0,0,0,0,21,1870,1940,56.26,0,
2026-09-18,Thursday,38,September,1,0,1,0,22,1928,2000,58.00,0,
2026-09-19,Friday,38,September,1,1,0,0,23,1957,2030,58.87,0,Mid-month checkpoint
2026-09-20,Saturday,38,September,0,0,0,0,23,1957,2030,58.87,0,Weekend
2026-09-21,Sunday,38,September,0,0,0,0,23,1957,2030,58.87,0,
2026-09-22,Monday,39,September,0,0,0,0,23,1957,2030,58.87,0,Mid-month lull
2026-09-23,Tuesday,39,September,1,1,0,0,24,1986,2060,59.74,0,
2026-09-24,Wednesday,39,September,1,0,1,0,25,2044,2120,61.48,0,
2026-09-25,Thursday,39,September,0,0,0,0,25,2044,2120,61.48,0,
2026-09-26,Friday,39,September,1,1,0,0,26,2073,2150,62.35,0,
2026-09-27,Saturday,39,September,0,0,0,0,26,2073,2150,62.35,0,Weekend
2026-09-28,Sunday,39,September,0,0,0,0,26,2073,2150,62.35,0,
2026-09-29,Monday,40,September,1,0,1,0,26,2131,2210,64.09,0.3,End of month churn
2026-09-30,Tuesday,40,September,0,0,0,0,26,2131,2210,64.09,0,End of September - ready for Product Hunt prep
,,,October,14,0,0,0,0,0,0,0,0,"PRODUCT HUNT MONTH - Track conversions from PH separately"
